name,node_id,osm_node_id,osm_highway,zone_id,ctrl_type,node_type,activity_type,is_boundary,x_coord,y_coord,intersection_id,poi_id,notes
,0,41533533,,,,,,,-111.9412608,33.4219305,,,
,1,7265020288,,,,,,,-111.9412299,33.4205242,,,
,2,41546636,,,,,,,-111.9392768,33.408668,,,
,3,41546640,,,,,,,-111.9360118,33.4095058,,,
,4,41546647,turning_circle,,,,,,-111.9301254,33.4104444,,,
,5,41546648,,,,,,,-111.926512,33.4104588,,,
,6,5650675608,,,,,,,-111.9242764,33.4118974,,,
,7,41548521,,,,,,,-111.9232523,33.4118914,,,
,8,41563455,,,,,,,-111.94234,33.4136148,,,
,9,41563456,,,,,,,-111.9424188,33.4147283,,,
,10,41563458,,,,,,,-111.9424528,33.4161904,,,
,11,41563460,,,,,,,-111.9424525,33.4176183,,,
,12,41563464,,,,,,,-111.9423945,33.4190482,,,
,13,7265020297,,,,,,,-111.9423771,33.4204294,,,
,14,41570712,,,,,,,-111.9090835,33.4189803,,,
,15,,,,,,,,-111.9088,33.4189837,,,boundary node created by osm2gmns
,16,5341183669,,,,,,,-111.9311446,33.4093331,,,
,17,41582913,,,,,,,-111.9312568,33.4084598,,,
,18,3872996558,,,,,,,-111.931125,33.4076055,,,
,19,41586093,turning_circle,,,,,,-111.9108204,33.418129,,,
,20,41586094,,,,,,,-111.910665,33.4174037,,,
,21,41604294,,,,,,,-111.9397324,33.4119109,,,
,22,41604295,,,,,,,-111.9379621,33.4119438,,,
,23,41604297,,,,,,,-111.9365723,33.4119575,,,
,24,41604298,,,,,,,-111.9349297,33.4119783,,,
,25,41604299,,,,,,,-111.9306853,33.4120477,,,
,26,41606207,,,,,,,-111.920965,33.4128734,,,
,27,3458373537,,,,,,,-111.920949,33.41231,,,
,28,3458373531,,,,,,,-111.9209422,33.4116865,,,
,29,41606208,,,,,,,-111.9209439,33.4113482,,,
,30,4084525371,traffic_signals,,signal,,,,-111.9226148,33.4074455,,,
,31,,,,,,,,-111.9226153,33.4071,,,boundary node created by osm2gmns
,32,41615729,,,,,,,-111.9398422,33.4086532,,,
,33,3983483486,,,,,,,-111.9397789,33.4086629,,,
,34,41615732,,,,,,,-111.9381791,33.4085985,,,
,35,41617192,,,,,,,-111.9279752,33.4075028,,,
,36,,,,,,,,-111.9279698,33.4071,,,boundary node created by osm2gmns
,37,41617200,,,,,,,-111.928383,33.4097445,,,
,38,41617201,turning_circle,,,,,,-111.9283745,33.4090473,,,
,39,316007299,,,,,,,-111.9389322,33.4153003,,,
,40,316870046,,,,,,,-111.9382922,33.4149218,,,
,41,41624258,,,,,,,-111.9373669,33.4146466,,,
,42,4346575408,,,,,,,-111.9370216,33.4146084,,,
,43,5822074196,,,,,,,-111.9176121,33.4169322,,,
,44,3641512633,,,,,,,-111.9165031,33.4169307,,,
,45,41654663,,,,,,,-111.9138914,33.4169249,,,
,46,41654666,stop,,,,,,-111.9128676,33.41707,,,
,47,41654668,stop,,,,,,-111.911792,33.4170678,,,
,48,41638532,,,,,,,-111.9091114,33.4168439,,,
,49,,,,,,,,-111.9088,33.4168459,,,boundary node created by osm2gmns
,50,330683976,traffic_signals,,signal,,,,-111.912472,33.4146766,,,
,51,9423610432,,,,,,,-111.912469,33.4135981,,,
,52,4084527689,,,,,,,-111.9132485,33.4074407,,,
,53,,,,,,,,-111.9132474,33.4071,,,boundary node created by osm2gmns
,54,41662590,traffic_signals,,signal,,,,-111.94008,33.4219347,,,
,55,9643219691,,,,,,,-111.9400639,33.4210103,,,
,56,1698683826,traffic_signals,,signal,,,,-111.9400381,33.4190674,,,
,57,41533538,,,,,,,-111.9412354,33.4190569,,,
,58,,,,,,,,-111.9436,33.4189609,,,boundary node created by osm2gmns
,59,41662601,,,,,,,-111.9398928,33.4136273,,,
,60,41695219,turning_circle,,,,,,-111.9426338,33.4136098,,,
,61,41704530,,,,,,,-111.9265323,33.408347,,,
,62,41704532,,,,,,,-111.9265339,33.4090339,,,
,63,41708464,,,,,,,-111.92199,33.4128709,,,
,64,337827148,turning_circle,,,,,,-111.9221041,33.4115127,,,
,65,41714336,traffic_signals,,signal,,,,-111.936661,33.4219091,,,
,66,8269005072,traffic_signals,,signal,,,,-111.934969,33.4219161,,,
,67,3983463708,,,,,,,-111.9352728,33.4095791,,,
,68,5341183662,,,,,,,-111.9338376,33.4093122,,,
,69,41752392,,,,,,,-111.9301152,33.4093411,,,
,70,41752397,,,,,,,-111.9301168,33.4097351,,,
,71,41752399,,,,,,,-111.929249,33.4097398,,,
,72,2300341686,crossing,,,,,,-111.926503,33.4097547,,,
,73,41763493,,,,,,,-111.9123461,33.4157894,,,
,74,330683931,traffic_signals,,signal,,,,-111.912338,33.4148643,,,
,75,3523602073,,,,,,,-111.9091721,33.4208613,,,
,76,41638521,,,,,,,-111.9090272,33.4208582,,,
,77,,,,,,,,-111.9088,33.4208579,,,boundary node created by osm2gmns
,78,41765709,,,,,,,-111.9128246,33.4194946,,,
,79,41765713,stop,,,,,,-111.9128246,33.418373,,,
,80,41770192,,,,,,,-111.9182827,33.4128801,,,
,81,2305982029,,,,,,,-111.9182799,33.4123049,,,
,82,41770195,turning_circle,,,,,,-111.9182748,33.4112636,,,
,83,5201685464,,,,,,,-111.928849,33.4180541,,,
,84,41654675,,,,,,,-111.9294043,33.4166443,,,
,85,41662602,,,,,,,-111.9398917,33.4135032,,,
,86,41830283,,,,,,,-111.9370709,33.4135303,,,
,87,41830285,,,,,,,-111.9349328,33.4135475,,,
,88,41832337,,,,,,,-111.9301168,33.4083093,,,
,89,3872996559,,,,,,,-111.9301212,33.4076111,,,
,90,41832343,,,,,,,-111.9301223,33.4075271,,,
,91,41851100,,,,,,,-111.919406,33.4128773,,,
,92,41851102,turning_circle,,,,,,-111.9193991,33.4112636,,,
,93,41851723,,,,,,,-111.9117974,33.4183775,,,
,94,41851727,,,,,,,-111.9117974,33.4161499,,,
,95,5341183659,,,,,,,-111.9338902,33.4096095,,,
,96,41852597,,,,,,,-111.9337287,33.4084455,,,
,97,3872996557,,,,,,,-111.9338232,33.407589,,,
,98,41853706,,,,,,,-111.9203406,33.412875,,,
,99,317445418,,,,,,,-111.9203305,33.4113537,,,
,100,41855562,,,,,,,-111.922591,33.4128699,,,
,101,3458373529,,,,,,,-111.922574,33.4111077,,,
,102,4347874711,,,,,,,-111.9405939,33.4074032,,,
,103,41875702,,,,,,,-111.9419779,33.4073972,,,
,104,3983465565,,,,,,,-111.9433255,33.4073787,,,
,105,4347874714,,,,,,,-111.934416,33.4074528,,,
,106,3983456159,,,,,,,-111.934373,33.4074531,,,
,107,41573985,,,,,,,-111.9262379,33.4209763,,,
,108,5806074003,stop,,,,,,-111.9177134,33.4194298,,,
,109,41891129,,,,,,,-111.9146898,33.4194459,,,
,110,41638526,,,,,,,-111.9090775,33.4195301,,,
,111,,,,,,,,-111.9419802,33.4071,,,boundary node created by osm2gmns
,112,41915323,stop,,,,,,-111.9146932,33.4183685,,,
,113,41915327,,,,,,,-111.9146968,33.4176543,,,
,114,41915337,,,,,,,-111.9147513,33.4161512,,,
,115,330683934,,,,,,,-111.9147587,33.4148409,,,
,116,41883117,,,,,,,-111.9290294,33.407539,,,
,117,6496439522,,,,,,,-111.9290279,33.4074428,,,
,118,,,,,,,,-111.9290228,33.4071,,,boundary node created by osm2gmns
,119,41942014,,,,,,,-111.9292397,33.4083093,,,
,120,5333539971,,,,,,,-111.936655,33.4174833,,,
,121,5333539972,traffic_signals,,signal,,,,-111.9366157,33.416205,,,
,122,330683946,traffic_signals,,signal,,,,-111.936608,33.4147406,,,
,123,41883110,,,,,,,-111.9359642,33.4074385,,,
,124,,,,,,,,-111.9359685,33.4071,,,boundary node created by osm2gmns
,125,316880529,,,,,,,-111.9370852,33.4145236,,,
,126,41573974,traffic_signals,,signal,,,,-111.926297,33.4128826,,,
,127,41966652,,,,,,,-111.9232576,33.4128738,,,
,128,41606183,,,,,,,-111.920428,33.4128747,,,
,129,41966670,,,,,,,-111.9170917,33.4129492,,,
,130,41995466,,,,,,,-111.9381178,33.419078,,,
,131,2625359006,traffic_signals,,signal,,,,-111.9398533,33.4190667,,,
,132,4084510566,,,,,,,-111.9237216,33.4075795,,,
,133,6496439526,,,,,,,-111.9237187,33.4079673,,,
,134,337827302,turning_circle,,,,,,-111.9232571,33.4112193,,,
,135,337830082,,,,,,,-111.9157251,33.4118492,,,
,136,41778986,,,,,,,-111.9142728,33.4116219,,,
,137,41657007,,,,,,,-111.9124617,33.4116335,,,
,138,42009170,,,,,,,-111.9108155,33.4116335,,,
,139,41638528,,,,,,,-111.9091033,33.4181939,,,
,140,,,,,,,,-111.9088,33.4181965,,,boundary node created by osm2gmns
,141,5200239407,,,,,,,-111.9177082,33.4200246,,,
,142,42208491,,,,,,,-111.9177365,33.4183756,,,
,143,1799680775,,,,,,,-111.9177396,33.4176616,,,
,144,41654681,,,,,,,-111.9177293,33.4166715,,,
,145,5200239406,,,,,,,-111.9176985,33.4151844,,,
,146,9423610430,,,,,,,-111.9124112,33.4135548,,,
,147,42254483,,,,,,,-111.9107726,33.4135536,,,
,148,2065989266,traffic_signals,,signal,,,,-111.938146,33.4218977,,,
,149,3712803330,,,,,,,-111.9381294,33.4205154,,,
,150,,,,,,,,-111.9349652,33.4221,,,boundary node created by osm2gmns
,151,41714339,traffic_signals,,signal,,,,-111.934969,33.4220021,,,
,152,41662598,,,,,,,-111.9399783,33.4162056,,,
,153,41533544,,,,,,,-111.941205,33.416204,,,
,154,330683972,,,,,,,-111.9171222,33.414605,,,
,155,42254473,,,,,,,-111.9171232,33.4136285,,,
,156,42348101,,,,,,,-111.9169767,33.4127174,,,
,157,41800245,,,,,,,-111.9289198,33.4202704,,,
,158,5414658105,,,,,,,-111.9278714,33.4202692,,,
,159,3983483499,,,,,,,-111.939166,33.4147167,,,
,160,3641512632,,,,,,,-111.9165151,33.4161595,,,
,161,4636339214,,,,,,,-111.9388999,33.4205078,,,
,162,9423610408,,,,,,,-111.9124088,33.4125927,,,
,163,42466187,,,,,,,-111.9107983,33.4126007,,,
,164,41638531,traffic_signals,,signal,,,,-111.909103,33.4174837,,,
,165,42485577,turning_circle,,,,,,-111.9138895,33.4176454,,,
,166,41883108,,,,,,,-111.9383164,33.4074206,,,
,167,41662596,,,,,,,-111.9400253,33.4176249,,,
,168,41533540,,,,,,,-111.94123,33.4176195,,,
,169,41638534,,,,,,,-111.909117,33.4161544,,,
,170,2065989254,,,,,,,-111.9408253,33.4147456,,,
,171,9567915832,,,,,,,-111.940196,33.4147084,,,
,172,2625358988,,,,,,,-111.9381424,33.4149982,,,
,173,2065989260,traffic_signals,,signal,,,,-111.939911,33.4147844,,,
,174,4346569402,,,,,,,-111.9399016,33.4142825,,,
,175,9899596285,,,,,,,-111.9329214,33.418336,,,
,176,5280009872,traffic_signals,,signal,,,,-111.928854,33.4184369,,,
,177,5200239622,,,,,,,-111.9349493,33.414314,,,
,178,330683970,traffic_signals,,signal,,,,-111.920448,33.4147071,,,
,179,330683938,traffic_signals,,signal,,,,-111.920545,33.4148706,,,
,180,9695133309,,,,,,,-111.9215021,33.4148281,,,
,181,330683969,traffic_signals,,signal,,,,-111.926292,33.4146937,,,
,182,5165146154,,,,,,,-111.9226783,33.414714,,,
,183,330683967,traffic_signals,,signal,,,,-111.930665,33.4146657,,,
,184,335589267,,,,,,,-111.930544,33.4115482,,,
,185,330691322,traffic_signals,,signal,,,,-111.926298,33.420098,,,
,186,330689192,traffic_signals,,signal,,,,-111.922535,33.416758,,,
,187,1501648858,,,,,,,-111.9203915,33.4149452,,,
,188,330689685,traffic_signals,,signal,,,,-111.922338,33.4167546,,,
,189,41654678,,,,,,,-111.920587,33.4167118,,,
,190,41654679,,,,,,,-111.9187765,33.4166821,,,
,191,41800471,,,,,,,-111.9307043,33.4135726,,,
,192,5618898812,,,,,,,-111.9228964,33.4220263,,,
,193,,,,,,,,-111.9228965,33.4221,,,boundary node created by osm2gmns
,194,337829641,,,,,,,-111.9155575,33.412688,,,
,195,41546646,,,,,,,-111.9177587,33.409496,,,
,196,5200239411,,,,,,,-111.9176978,33.4092243,,,
,197,5333560369,,,,,,,-111.9366575,33.4176535,,,
,198,9880292082,,,,,,,-111.9396414,33.4176196,,,
,199,5200239624,,,,,,,-111.9349506,33.4161111,,,
,200,42351327,,,,,,,-111.933278,33.4160881,,,
,201,1799680779,turning_circle,,,,,,-111.918685,33.4188785,,,
,202,41715037,,,,,,,-111.9186841,33.4184064,,,
,203,41533545,,,,,,,-111.9411894,33.4147443,,,
,204,,,,,,,,-111.9436,33.4147201,,,boundary node created by osm2gmns
,205,2305982037,,,,,,,-111.9162827,33.4112033,,,
,206,2305982038,,,,,,,-111.9161795,33.4114003,,,
,207,2305982039,,,,,,,-111.91602,33.4111855,,,
,208,2305982040,,,,,,,-111.9159402,33.4113278,,,
,209,2305982041,,,,,,,-111.9156252,33.411153,,,
,210,2321431354,,,,,,,-111.9366784,33.4212889,,,
,211,2321431315,,,,,,,-111.9366517,33.4212922,,,
,212,317701014,,,,,,,-111.940029,33.4174558,,,
,213,2625359002,,,,,,,-111.9398439,33.4174549,,,
,214,2625358994,traffic_signals,,signal,,,,-111.939492,33.4160741,,,
,215,2941419917,traffic_signals,,signal,,,,-111.939939,33.4219356,,,
,216,,,,,,,,-111.9399447,33.4221,,,boundary node created by osm2gmns
,217,2860653270,traffic_signals,,signal,,,,-111.936661,33.4219911,,,
,218,9423610352,,,,,,,-111.914264,33.4135032,,,
,219,9423610371,,,,,,,-111.9142682,33.4126373,,,
,220,3248854377,,,,,,,-111.921572,33.411344,,,
,221,3248854378,,,,,,,-111.920032,33.4113543,,,
,222,7890703228,,,,,,,-111.9091067,33.4136842,,,
,223,8464164201,,,,,,,-111.9091115,33.412465,,,
,224,5176314770,traffic_signals,,signal,,,,-111.930766,33.4220427,,,
,225,5261052497,,,,,,,-111.9339909,33.4220122,,,
,226,3458373557,,,,,,,-111.9220806,33.4148179,,,
,227,3458373555,,,,,,,-111.9220805,33.4147096,,,
,228,330683944,traffic_signals,,signal,,,,-111.932805,33.4147645,,,
,229,4716137944,,,,,,,-111.9338244,33.4181047,,,
,230,316872733,,,,,,,-111.9337083,33.4173613,,,
,231,3983483484,,,,,,,-111.9391606,33.4145063,,,
,232,316880683,turning_circle,,,,,,-111.9396432,33.4145427,,,
,233,3519323221,,,,,,,-111.9090248,33.4212419,,,
,234,,,,,,,,-111.9088,33.4174859,,,boundary node created by osm2gmns
,235,4347900924,,,,,,,-111.9256844,33.4075643,,,
,236,4084525376,traffic_signals,,signal,,,,-111.926277,33.4075074,,,
,237,317654988,,,,,,,-111.9205552,33.4187226,,,
,238,3613374067,,,,,,,-111.936617,33.4190938,,,
,239,4347879979,,,,,,,-111.926299,33.4195429,,,
,240,3983274586,,,,,,,-111.9154572,33.4075088,,,
,241,4084526282,,,,,,,-111.9154658,33.4074418,,,
,242,3983274697,,,,,,,-111.9177031,33.4071744,,,
,243,41883123,traffic_signals,,signal,,,,-111.917698,33.4074448,,,
,244,3983456162,,,,,,,-111.9338336,33.4073034,,,
,245,,,,,,,,-111.9338777,33.4071,,,boundary node created by osm2gmns
,246,41582918,traffic_signals,,signal,,,,-111.9311382,33.4075231,,,
,247,6496439524,,,,,,,-111.9311381,33.407433,,,
,248,,,,,,,,-111.9310965,33.4071,,,boundary node created by osm2gmns
,249,3983456179,,,,,,,-111.9305895,33.4076081,,,
,250,3872996560,,,,,,,-111.9269827,33.4076415,,,
,251,3983463712,,,,,,,-111.9348907,33.4096079,,,
,252,3983463705,,,,,,,-111.9349415,33.409658,,,
,253,3983456208,,,,,,,-111.9350228,33.4107541,,,
,254,3983463711,,,,,,,-111.9349406,33.4096046,,,
,255,5341183656,,,,,,,-111.9344649,33.4096352,,,
,256,5341183677,,,,,,,-111.9349226,33.4103317,,,
,257,3983463698,,,,,,,-111.934915,33.4093789,,,
,258,5200239420,,,,,,,-111.9349055,33.4071062,,,
,259,,,,,,,,-111.9349055,33.4071,,,boundary node created by osm2gmns
,260,3983463704,,,,,,,-111.9348914,33.4096614,,,
,261,3983463695,,,,,,,-111.9346152,33.4096628,,,
,262,3983489070,,,,,,,-111.9399036,33.4106076,,,
,263,3983483049,,,,,,,-111.9398969,33.4089933,,,
,264,8813118513,,,,,,,-111.93992,33.4154527,,,
,265,316870186,traffic_signals,,signal,,,,-111.9396045,33.4159562,,,
,266,3983483489,,,,,,,-111.9398073,33.4114264,,,
,267,3983483490,,,,,,,-111.9398827,33.4125946,,,
,268,3983483050,,,,,,,-111.9365803,33.4129111,,,
,269,3983483492,,,,,,,-111.9397885,33.4106036,,,
,270,3983483037,,,,,,,-111.9399239,33.411432,,,
,271,3983483042,,,,,,,-111.9397375,33.4128425,,,
,272,3983489075,,,,,,,-111.9396664,33.4111275,,,
,273,3983483055,,,,,,,-111.9379608,33.4128944,,,
,274,318033603,traffic_signals,,signal,,,,-111.909092,33.421982,,,
,275,2822050828,crossing,,,,,,-111.9090932,33.4218349,,,
,276,2625358998,,,,,,,-111.9398348,33.4170325,,,
,277,,,,,,,,-111.9090915,33.4221,,,boundary node created by osm2gmns
,278,4084510562,traffic_signals,,signal,,,,-111.909105,33.4074308,,,
,279,2300216506,crossing,,,,,,-111.908934,33.4074294,,,
,280,4084525373,,,,,,,-111.9236803,33.4074433,,,
,281,4347900909,,,,,,,-111.9230728,33.4074436,,,
,282,2819230452,traffic_signals,,signal,,,,-111.909114,33.4146219,,,
,283,,,,,,,,-111.9088,33.4146185,,,boundary node created by osm2gmns
,284,,,,,,,,-111.9088,33.4148344,,,boundary node created by osm2gmns
,285,3756578325,traffic_signals,,signal,,,,-111.909113,33.4148353,,,
,286,330683945,traffic_signals,,signal,,,,-111.934959,33.4147529,,,
,287,4346575412,,,,,,,-111.9361331,33.4147441,,,
,288,4346575413,,,,,,,-111.9342173,33.4147571,,,
,289,5200239623,,,,,,,-111.9349498,33.4155051,,,
,290,41662609,traffic_signals,,signal,,,,-111.939874,33.4074072,,,
,291,3983483485,traffic_signals,,signal,,,,-111.93976,33.4074084,,,
,292,,,,,,,,-111.93987,33.4071,,,boundary node created by osm2gmns
,293,,,,,,,,-111.9397568,33.4071,,,boundary node created by osm2gmns
,294,4346569400,,,,,,,-111.9398834,33.4126638,,,
,295,8813118514,,,,,,,-111.9399169,33.4151943,,,
,296,5770246246,,,,,,,-111.9398829,33.4130694,,,
,297,330683971,traffic_signals,,signal,,,,-111.9177,33.4146384,,,
,298,330683974,,,,,,,-111.9142668,33.4146813,,,
,299,3756594471,traffic_signals,,signal,,,,-111.9136957,33.414677,,,
,300,330683932,traffic_signals,,signal,,,,-111.912477,33.4148608,,,
,301,3756594462,,,,,,,-111.9133844,33.4148388,,,
,302,4346571424,,,,,,,-111.9186464,33.4146574,,,
,303,4346571427,,,,,,,-111.9212488,33.4147092,,,
,304,4346571425,,,,,,,-111.9133779,33.4146776,,,
,305,1501648856,,,,,,,-111.9113853,33.4148731,,,
,306,330683977,traffic_signals,,signal,,,,-111.912339,33.4146772,,,
,307,4346571426,,,,,,,-111.9105903,33.4147002,,,
,308,3719273480,,,,,,,-111.9191579,33.4146605,,,
,309,6701033509,,,,,,,-111.9105708,33.4147001,,,
,310,6701033513,,,,,,,-111.910382,33.414697,,,
,311,4346571428,,,,,,,-111.9189923,33.4148614,,,
,312,1501648857,,,,,,,-111.9203059,33.4148826,,,
,313,41624261,traffic_signals,,signal,,,,-111.93661,33.4145994,,,
,314,4346575410,,,,,,,-111.9314439,33.4146642,,,
,315,4346575415,,,,,,,-111.9300149,33.4147941,,,
,316,330683942,traffic_signals,,signal,,,,-111.930649,33.4147876,,,
,317,4346575409,,,,,,,-111.9335205,33.4146455,,,
,318,330683965,traffic_signals,,signal,,,,-111.932794,33.4146458,,,
,319,4346575414,,,,,,,-111.9322177,33.4147716,,,
,320,4346575411,,,,,,,-111.926748,33.414692,,,
,321,4346575416,,,,,,,-111.9258589,33.414832,,,
,322,330683940,traffic_signals,,signal,,,,-111.9262852,33.4148286,,,
,323,330683964,traffic_signals,,signal,,,,-111.934955,33.4146147,,,
,324,4716134186,traffic_signals,,signal,,,,-111.9291456,33.4146674,,,
,325,5650675848,,,,,,,-111.9285601,33.4146783,,,
,326,5146893078,,,,,,,-111.927372,33.4146858,,,
,327,330683941,,,,,,,-111.9273946,33.4148143,,,
,328,4346575417,,,,,,,-111.9400269,33.417428,,,
,329,41624255,,,,,,,-111.9399667,33.4167979,,,
,330,4346577513,,,,,,,-111.9398502,33.4186881,,,
,331,4346577514,,,,,,,-111.9398505,33.4187373,,,
,332,4346577517,,,,,,,-111.9398661,33.4195538,,,
,333,4346577518,,,,,,,-111.9398665,33.419777,,,
,334,4346577523,,,,,,,-111.939899,33.4215064,,,
,335,4346577519,,,,,,,-111.9398722,33.4200156,,,
,336,4346577515,,,,,,,-111.9398606,33.4193366,,,
,337,4346577521,,,,,,,-111.939894,33.4211696,,,
,338,4346577522,,,,,,,-111.9398957,33.4212893,,,
,339,4346577520,,,,,,,-111.9398812,33.4202361,,,
,340,2625359008,traffic_signals,,signal,,,,-111.939883,33.4204904,,,
,341,4346577516,,,,,,,-111.9400338,33.4194368,,,
,342,2625359004,,,,,,,-111.9398468,33.4176189,,,
,343,,,,,,,,-111.9400769,33.4221,,,boundary node created by osm2gmns
,344,2978047866,,,,,,,-111.9248832,33.4220294,,,
,345,4346605165,,,,,,,-111.9181401,33.4220184,,,
,346,4346605159,,,,,,,-111.9102088,33.4219858,,,
,347,4346605158,,,,,,,-111.9100774,33.421985,,,
,348,4346605160,,,,,,,-111.9273877,33.4220144,,,
,349,4346605164,,,,,,,-111.9271825,33.4220171,,,
,350,2704829948,traffic_signals,,signal,,,,-111.926407,33.4220275,,,
,351,5013837645,traffic_signals,,signal,,,,-111.926243,33.4220288,,,
,352,4346605161,,,,,,,-111.9295985,33.4220148,,,
,353,41714341,traffic_signals,,signal,,,,-111.928941,33.4220194,,,
,354,41714356,traffic_signals,,signal,,,,-111.917702,33.4220187,,,
,355,4346605162,,,,,,,-111.9171959,33.4220165,,,
,356,4346605163,,,,,,,-111.9285829,33.4220147,,,
,357,9973576681,,,,,,,-111.9269657,33.42202,,,
,358,4346605166,,,,,,,-111.9254096,33.4220303,,,
,359,4346605157,,,,,,,-111.9390184,33.4219833,,,
,360,9888948024,,,,,,,-111.9276681,33.4220143,,,
,361,1501648993,,,,,,,-111.9282791,33.4220058,,,
,362,4346605154,,,,,,,-111.9417462,33.4219298,,,
,363,41563475,traffic_signals,,signal,,,,-111.942389,33.4219281,,,
,364,4346605155,,,,,,,-111.9407478,33.4219322,,,
,365,4346605153,,,,,,,-111.9428734,33.4219273,,,
,366,4346605156,,,,,,,-111.9407008,33.4219319,,,
,367,,,,,,,,-111.9436,33.4218526,,,boundary node created by osm2gmns
,368,5665460110,,,,,,,-111.9430383,33.4219283,,,
,369,6058475298,,,,,,,-111.9391558,33.4074189,,,
,370,41883112,traffic_signals,,signal,,,,-111.934904,33.4074493,,,
,371,4347874713,,,,,,,-111.9354177,33.4074426,,,
,372,4347874712,,,,,,,-111.9389839,33.4074225,,,
,373,6058475294,,,,,,,-111.9385439,33.4074173,,,
,374,4347874715,,,,,,,-111.9398844,33.4080275,,,
,375,4897758639,,,,,,,-111.9401355,33.4074051,,,
,376,330683937,traffic_signals,,signal,,,,-111.917698,33.4148781,,,
,377,4347879969,,,,,,,-111.9167018,33.4148707,,,
,378,,,,,,,,-111.9088,33.4219851,,,boundary node created by osm2gmns
,379,4347879973,,,,,,,-111.909107,33.4172087,,,
,380,4347879976,,,,,,,-111.9091035,33.4177774,,,
,381,4347879982,,,,,,,-111.9090227,33.421459,,,
,382,4347879967,,,,,,,-111.9091097,33.4141228,,,
,383,4347879970,,,,,,,-111.9091146,33.415374,,,
,384,4347900942,,,,,,,-111.9262882,33.4105131,,,
,385,4347900943,,,,,,,-111.9262942,33.4124964,,,
,386,4347879977,,,,,,,-111.9262955,33.4184244,,,
,387,4347879978,,,,,,,-111.9262944,33.4185822,,,
,388,4347879971,,,,,,,-111.9262936,33.4155005,,,
,389,4347879972,,,,,,,-111.9263007,33.4163769,,,
,390,4347879974,,,,,,,-111.9262999,33.4173616,,,
,391,4347879975,,,,,,,-111.9263,33.4175412,,,
,392,41573980,traffic_signals,,signal,,,,-111.926303,33.4168382,,,
,393,,,,,,,,-111.926406,33.4221,,,boundary node created by osm2gmns
,394,41573982,traffic_signals,,signal,,,,-111.926296,33.4191375,,,
,395,1501648953,,,,,,,-111.9262989,33.4202366,,,
,396,2671959143,traffic_signals,,signal,,,,-111.9263,33.4202837,,,
,397,4347879966,,,,,,,-111.9262948,33.4140912,,,
,398,5646686312,,,,,,,-111.9262947,33.4141212,,,
,399,4347879980,,,,,,,-111.9263916,33.4208903,,,
,400,2300341851,crossing,,,,,,-111.9263019,33.4203615,,,
,401,4347879981,,,,,,,-111.9262395,33.4214276,,,
,402,9658596255,,,,,,,-111.9262383,33.4211604,,,
,403,,,,,,,,-111.9262421,33.4221,,,boundary node created by osm2gmns
,404,4084526285,,,,,,,-111.9154379,33.4075755,,,
,405,4347900933,,,,,,,-111.917013,33.407576,,,
,406,4347900928,,,,,,,-111.9106315,33.407571,,,
,407,4084510561,,,,,,,-111.91123,33.4075712,,,
,408,4347900914,,,,,,,-111.9252008,33.4074445,,,
,409,4347900910,,,,,,,-111.9243424,33.4074438,,,
,410,4347900932,,,,,,,-111.9148321,33.4075753,,,
,411,4084529110,,,,,,,-111.911231,33.4074387,,,
,412,4347900905,,,,,,,-111.9099258,33.4074356,,,
,413,4347900930,,,,,,,-111.9126153,33.4075737,,,
,414,4084510568,,,,,,,-111.9132484,33.4075751,,,
,415,4347900912,,,,,,,-111.9195397,33.4074443,,,
,416,4347900915,,,,,,,-111.9183745,33.4074446,,,
,417,4347900916,,,,,,,-111.925503,33.4074447,,,
,418,4347900927,,,,,,,-111.9251976,33.4075685,,,
,419,4084525374,,,,,,,-111.9209405,33.4074439,,,
,420,4347900911,,,,,,,-111.9199744,33.4074441,,,
,421,4347900935,,,,,,,-111.9219839,33.4075771,,,
,422,4084510569,traffic_signals,,signal,,,,-111.9226118,33.4075789,,,
,423,4347900929,,,,,,,-111.9247739,33.4075717,,,
,424,4347900913,,,,,,,-111.9214184,33.4074444,,,
,425,4347900907,,,,,,,-111.9138803,33.407441,,,
,426,4347900931,,,,,,,-111.9209418,33.4075741,,,
,427,4347900938,,,,,,,-111.9232831,33.4075793,,,
,428,4347900934,,,,,,,-111.9189369,33.4075769,,,
,429,4347900936,,,,,,,-111.9195304,33.4075772,,,
,430,4347900937,,,,,,,-111.9204775,33.4075777,,,
,431,4347900908,,,,,,,-111.9161352,33.4074426,,,
,432,4347900906,,,,,,,-111.9119245,33.4074381,,,
,433,4084510567,traffic_signals,,signal,,,,-111.909105,33.4075706,,,
,434,4347900922,,,,,,,-111.9270016,33.4075087,,,
,435,,,,,,,,-111.9088,33.4075691,,,boundary node created by osm2gmns
,436,4084510563,traffic_signals,,signal,,,,-111.9176965,33.4075762,,,
,437,4347900941,,,,,,,-111.9091088,33.4085182,,,
,438,4347900939,,,,,,,-111.9091078,33.4082217,,,
,439,,,,,,,,-111.9091132,33.4071,,,boundary node created by osm2gmns
,440,4347900944,,,,,,,-111.9262984,33.4131293,,,
,441,5668170566,,,,,,,-111.9262731,33.4079581,,,
,442,,,,,,,,-111.9262827,33.4071,,,boundary node created by osm2gmns
,443,7241586275,traffic_signals,,signal,,,,-111.926283,33.4101537,,,
,444,2262988976,,,,,,,-111.9209436,33.4075259,,,
,445,3756594468,traffic_signals,,signal,,,,-111.9136482,33.414836,,,
,446,5201685468,,,,,,,-111.9289364,33.4215873,,,
,447,8447095274,,,,,,,-111.9333809,33.417357,,,
,448,4716137945,crossing,,,,,,-111.93269,33.4173629,,,
,449,4716137951,,,,,,,-111.9301745,33.4173982,,,
,450,4347900940,,,,,,,-111.9262744,33.4083544,,,
,451,5668170582,,,,,,,-111.9262777,33.4093601,,,
,452,4716134185,traffic_signals,,signal,,,,-111.9291473,33.4148012,,,
,453,9658479446,,,,,,,-111.9397728,33.408303,,,
,454,41657047,,,,,,,-111.9132493,33.407514,,,
,455,41883121,,,,,,,-111.9236981,33.4075215,,,
,456,3523602070,,,,,,,-111.9091782,33.4211714,,,
,457,330686496,,,,,,,-111.9124745,33.4147475,,,
,458,9658248643,,,,,,,-111.9271067,33.414689,,,
,459,330689965,,,,,,,-111.9203868,33.4148865,,,
,460,2916726375,traffic_signals,,signal,,,,-111.938145,33.4219872,,,
,461,,,,,,,,-111.9381457,33.4221,,,boundary node created by osm2gmns
,462,1698683852,traffic_signals,,signal,,,,-111.940047,33.4204936,,,
,463,863736682,,,,,,,-111.9423905,33.4212237,,,
,464,863733787,,,,,,,-111.9349501,33.4150744,,,
,465,9143759910,,,,,,,-111.9337225,33.4146441,,,
,466,5200239408,,,,,,,-111.9177035,33.4216544,,,
,467,,,,,,,,-111.9176996,33.4221,,,boundary node created by osm2gmns
,468,5200239412,,,,,,,-111.9176951,33.408003,,,
,469,,,,,,,,-111.9177033,33.4071,,,boundary node created by osm2gmns
,470,,,,,,,,-111.9423888,33.4221,,,boundary node created by osm2gmns
,471,5200239621,,,,,,,-111.9349089,33.4079907,,,
,472,5201685460,,,,,,,-111.9211282,33.4154818,,,
,473,5201685461,,,,,,,-111.9254783,33.4195802,,,
,474,5201685462,,,,,,,-111.9305745,33.4152628,,,
,475,317327702,traffic_signals,,signal,,,,-111.930116,33.4159109,,,
,476,5201685465,,,,,,,-111.9288801,33.4195869,,,
,477,5201685466,,,,,,,-111.9289065,33.4200493,,,
,478,5201685467,,,,,,,-111.9289618,33.4208697,,,
,479,2671959118,,,,,,,-111.9289501,33.4212297,,,
,480,6678068362,,,,,,,-111.9289516,33.4212032,,,
,481,,,,,,,,-111.9289466,33.4221,,,boundary node created by osm2gmns
,482,5261052473,,,,,,,-111.9313563,33.420664,,,
,483,5261052478,,,,,,,-111.9316996,33.4207468,,,
,484,5343247776,,,,,,,-111.9317246,33.4212406,,,
,485,5261052481,,,,,,,-111.9316969,33.4202848,,,
,486,8269005064,traffic_signals,,signal,,,,-111.930762,33.421952,,,
,487,316008195,,,,,,,-111.9269771,33.4189112,,,
,488,5343247775,,,,,,,-111.9317292,33.4215199,,,
,489,5261052480,,,,,,,-111.9317273,33.4218424,,,
,490,8084775629,,,,,,,-111.9195486,33.4072925,,,
,491,,,,,,,,-111.9196131,33.4071,,,boundary node created by osm2gmns
,492,5650675862,,,,,,,-111.9283494,33.4126305,,,
,493,5668170614,,,,,,,-111.9257941,33.4101273,,,
,494,5668170615,,,,,,,-111.9255669,33.4101291,,,
,495,338058726,,,,,,,-111.9235422,33.4101507,,,
,496,,,,,,,,-111.9194892,33.4071,,,boundary node created by osm2gmns
,497,41830286,,,,,,,-111.9327775,33.4135705,,,
,498,5806210751,traffic_signals,,signal,,,,-111.930222,33.415909,,,
,499,5806210747,,,,,,,-111.9306642,33.4152742,,,
,500,5986666325,,,,,,,-111.9407231,33.4213245,,,
,501,330689687,,,,,,,-111.923179,33.417529,,,
,502,,,,,,,,-111.9436,33.4219433,,,boundary node created by osm2gmns
,503,7265020286,,,,,,,-111.9411847,33.4204824,,,
,504,6496439509,,,,,,,-111.9340097,33.4074546,,,
,505,3641052711,,,,,,,-111.9364992,33.4074355,,,
,506,6701033511,,,,,,,-111.9104449,33.4133193,,,
,507,6701033514,,,,,,,-111.9104503,33.4127103,,,
,508,7241586262,,,,,,,-111.9262783,33.4094872,,,
,509,7241586266,,,,,,,-111.9262808,33.4099305,,,
,510,7241586272,traffic_signals,,signal,,,,-111.926282,33.4100947,,,
,511,,,,,,,,-111.9436,33.4074222,,,boundary node created by osm2gmns
,512,,,,,,,,-111.9436,33.4073243,,,boundary node created by osm2gmns
,513,7264975962,,,,,,,-111.9423279,33.4204825,,,
,514,41563472,,,,,,,-111.9423719,33.4205105,,,
,515,7264975967,,,,,,,-111.9424229,33.4204698,,,
,516,7264975984,,,,,,,-111.9423256,33.4204704,,,
,517,,,,,,,,-111.9436,33.4203854,,,boundary node created by osm2gmns
,518,7264975968,,,,,,,-111.9411847,33.4204892,,,
,519,7265020285,,,,,,,-111.9412813,33.4204834,,,
,520,7265020287,,,,,,,-111.9412309,33.420443,,,
,521,8269005069,,,,,,,-111.9339885,33.4219235,,,
,522,2065989244,traffic_signals,,signal,,,,-111.939909,33.4147094,,,
,523,8444419082,,,,,,,-111.9275636,33.4186999,,,
,524,4716102663,,,,,,,-111.9277064,33.4186462,,,
,525,7121950852,,,,,,,-111.9271601,33.4166905,,,
,526,10038906156,,,,,,,-111.9258502,33.4168243,,,
,527,8464164195,,,,,,,-111.9091127,33.4090648,,,
,528,8447633870,,,,,,,-111.9090565,33.410527,,,
,529,8447633871,,,,,,,-111.9090591,33.4114902,,,
,530,8464164198,,,,,,,-111.9091664,33.4105267,,,
,531,8464164199,,,,,,,-111.9091671,33.4114897,,,
,532,5668170604,,,,,,,-111.9262799,33.4098462,,,
,533,,,,,,,,-111.9366624,33.4221,,,boundary node created by osm2gmns
,534,5646687226,,,,,,,-111.925416,33.4168118,,,
,535,330686495,,,,,,,-111.9123382,33.4147493,,,
,536,1501648717,,,,,,,-111.9124756,33.4147882,,,
,537,1501648702,,,,,,,-111.9123389,33.4147855,,,
,538,3983483040,,,,,,,-111.9398934,33.4086429,,,
,539,9037111482,,,,,,,-111.9398901,33.4083695,,,
,540,9423610342,,,,,,,-111.9142053,33.4135599,,,
,541,9423610351,,,,,,,-111.9142654,33.4136046,,,
,542,9423610349,,,,,,,-111.9143265,33.413553,,,
,543,9423610350,,,,,,,-111.9142057,33.4135528,,,
,544,9423610353,,,,,,,-111.914211,33.4125947,,,
,545,9423610373,,,,,,,-111.9143264,33.4125881,,,
,546,9423610372,,,,,,,-111.9142669,33.4125407,,,
,547,9423610374,,,,,,,-111.9142114,33.4125879,,,
,548,9423610409,,,,,,,-111.912466,33.4126352,,,
,549,9423610407,,,,,,,-111.9125242,33.412586,,,
,550,9423610410,,,,,,,-111.9124647,33.4125387,,,
,551,9423610431,,,,,,,-111.9125273,33.4135482,,,
,552,9423610433,,,,,,,-111.9124671,33.4135008,,,
,553,7121918955,,,,,,,-111.9262941,33.4142863,,,
,554,,,,,,,,-111.9088,33.4074298,,,boundary node created by osm2gmns
,555,2978013673,,,,,,,-111.9275425,33.4220137,,,
,556,,,,,,,,-111.9275401,33.4221,,,boundary node created by osm2gmns
,557,9973576682,,,,,,,-111.9266137,33.4220247,,,
